<?xml version="1.0" encoding="UTF-8"?>
<project-private xmlns="http://www.netbeans.org/ns/project-private/1">
    <editor-bookmarks xmlns="http://www.netbeans.org/ns/editor-bookmarks/2" lastBookmarkId="0"/>
    <open-files xmlns="http://www.netbeans.org/ns/projectui-open-files/2">
        <group name="current stuff">
            <file>file:/C:/Users/Adminstratorius/Documents/NetBeansProjects/Exam_project/src/exam_project/Maps.java</file>
            <file>file:/C:/Users/Adminstratorius/Documents/NetBeansProjects/Exam_project/src/exam_project/Streams.java</file>
            <file>file:/C:/Users/Adminstratorius/Documents/NetBeansProjects/Exam_project/src/exam_project/getsetDemo.java</file>
            <file>file:/C:/Users/Adminstratorius/Documents/NetBeansProjects/Exam_project/src/exam_project/SUPAAAHCONSTRUCTAAAA.java</file>
            <file>file:/C:/Users/Adminstratorius/Documents/NetBeansProjects/Exam_project/src/exam_project/onlineData.java</file>
            <file>file:/C:/Users/Adminstratorius/Documents/NetBeansProjects/Exam_project/src/exam_project/randomness.java</file>
            <file>file:/C:/Users/Adminstratorius/Documents/NetBeansProjects/Exam_project/src/exam_project/Data_Collector.java</file>
            <file>file:/C:/Users/Adminstratorius/Documents/NetBeansProjects/Exam_project/src/exam_project/filesreader.java</file>
            <file>file:/C:/Users/Adminstratorius/Documents/NetBeansProjects/Exam_project/src/exam_project/Exam_project.java</file>
            <file>file:/C:/Users/Adminstratorius/Documents/NetBeansProjects/Exam_project/src/exam_project/Sets.java</file>
            <file>file:/C:/Users/Adminstratorius/Documents/NetBeansProjects/Exam_project/src/exam_project/Data_gather.java</file>
            <file>file:/C:/Users/Adminstratorius/Documents/NetBeansProjects/Exam_project/src/exam_project/data_amount.java</file>
            <file>file:/C:/Users/Adminstratorius/Documents/NetBeansProjects/Exam_project/src/exam_project/genericClass.java</file>
            <file>file:/C:/Users/Adminstratorius/Documents/NetBeansProjects/Exam_project/src/exam_project/Formulas.java</file>
        </group>
    </open-files>
</project-private>
